doc_id,file_path,title,source_url,retrieved_at,document_version,license_or_permission
news-100260916224844654,data/drug_news/news-100260916224844654.md,Học sinh TP.HCM ‘học mà chơi’ với những bài học về giao thông và phòng chống ma túy,https://tuoitre.vn/hoc-sinh-tphcm-hoc-ma-choi-voi-nhung-bai-hoc-ve-giao-thong-va-phong-chong-ma-tuy-100260916224844654.htm,2026-10-04,2026-09-17T08:01:00+07:00,public-news-excerpt-for-education
news-100260917203001265,data/drug_news/news-100260917203001265.md,Từ mối quen biết tại nhà hàng ở Berlin đến những kiện hàng chứa hơn 10kg ma túy về Việt Nam,https://tuoitre.vn/tu-moi-quen-biet-tai-nha-hang-o-berlin-den-nhung-kien-hang-chua-hon-10kg-ma-tuy-ve-viet-nam-100260917203001265.htm,2026-10-04,2026-09-17T20:48:00+07:00,public-news-excerpt-for-education
news-100260918080821054,data/drug_news/news-100260918080821054.md,"Góp 14 triệu đồng mua ma túy rồi nói đã ‘rút lui’, 3 thanh niên kháng cáo kêu oan",https://tuoitre.vn/gop-14-trieu-dong-mua-ma-tuy-roi-noi-da-rut-lui-3-thanh-nien-khang-cao-keu-oan-100260918080821054.htm,2026-10-04,2026-09-18T08:53:00+07:00,public-news-excerpt-for-education
news-100260918220613301,data/drug_news/news-100260918220613301.md,"Công nhân nói không với ma túy, Công đoàn dựng 'lá chắn' từ nhà máy đến nhà trọ",https://tuoitre.vn/cong-nhan-noi-khong-voi-ma-tuy-cong-doan-dung-la-chan-tu-nha-may-den-nha-tro-100260918220613301.htm,2026-10-04,2026-09-18T23:04:00+07:00,public-news-excerpt-for-education
news-100260920221957595,data/drug_news/news-100260920221957595.md,Bắt giang hồ 'Hoàng Nato' và 126 người liên quan 8 đường dây ma túy,https://tuoitre.vn/bat-giang-ho-hoang-nato-va-126-nguoi-lien-quan-8-duong-day-ma-tuy-100260920221957595.htm,2026-10-04,2026-09-21T13:29:00+07:00,public-news-excerpt-for-education
news-100260922111804786,data/drug_news/news-100260922111804786.md,TikToker Phannhibeauty bị bắt vì sử dụng ma túy cùng giang hồ 'Hoàng Nato',https://tuoitre.vn/tiktoker-phannhibeauty-bi-bat-cung-giang-ho-hoang-nato-100260922111804786.htm,2026-10-04,2026-09-22T11:27:00+07:00,public-news-excerpt-for-education
news-100260924095400982,data/drug_news/news-100260924095400982.md,TikToker Phannhibeauty khai lý do sử dụng pod chill chứa ma túy cùng ‘Hoàng Nato’,https://tuoitre.vn/tiktoker-phannhibeauty-khai-ly-do-su-dung-podchill-chua-ma-tuy-cung-hoang-nato-100260924095400982.htm,2026-10-04,2026-09-24T10:11:00+07:00,public-news-excerpt-for-education
news-100260924101703641,data/drug_news/news-100260924101703641.md,Công an Ninh Bình khen thưởng đột xuất vụ bắt giang hồ mạng 'Đức Cộng',https://tuoitre.vn/cong-an-ninh-binh-khen-thuong-dot-xuat-vu-bat-giang-ho-mang-duc-cong-100260924101703641.htm,2026-10-04,2026-09-24T10:29:00+07:00,public-news-excerpt-for-education
news-100260924105118645,data/drug_news/news-100260924105118645.md,"Cách bà ‘trùm’ thao túng 39 bác sĩ, điều dưỡng, biến Viện Pháp y tâm thần thành ‘chốn trú ẩn’ của tội phạm",https://tuoitre.vn/cach-ba-trum-thao-tung-39-bac-si-dieu-duong-bien-vien-phap-y-tam-than-thanh-chon-tru-an-cua-toi-pham-100260924105118645.htm,2026-10-04,2026-09-24T11:19:00+07:00,public-news-excerpt-for-education
news-100260924145818945,data/drug_news/news-100260924145818945.md,Campuchia bắt nhóm người Trung Quốc vận chuyển cả kho súng đạn giữa đêm,https://tuoitre.vn/campuchia-bat-nhom-nguoi-trung-quoc-van-chuyen-ca-kho-sung-dan-giua-dem-100260924145818945.htm,2026-10-04,2026-09-24T16:24:00+07:00,public-news-excerpt-for-education
news-100260924184319083,data/drug_news/news-100260924184319083.md,Bệnh viện Mắt TP.HCM ra mắt mô hình điểm 'Bệnh viện không ma túy',https://tuoitre.vn/benh-vien-mat-tphcm-ra-mat-mo-hinh-diem-benh-vien-khong-ma-tuy-100260924184319083.htm,2026-10-04,2026-09-24T19:01:00+07:00,public-news-excerpt-for-education
news-100260925144412498,data/drug_news/news-100260925144412498.md,"Công an TP.HCM và 10 ngày đêm ròng rã bắt ‘Hoàng Nato’, triệt phá 8 đường dây ma túy",https://tuoitre.vn/cong-an-tphcm-va-10-ngay-dem-rong-ra-bat-hoang-nato-triet-pha-8-duong-day-ma-tuy-100260925144412498.htm,2026-10-04,2026-09-25T16:09:00+07:00,public-news-excerpt-for-education
news-100260926112415229,data/drug_news/news-100260926112415229.md,"Vụ tông cảnh sát giao thông ở An Giang: Tài xế sử dụng rượu, ma túy và không có giấy phép lái xe",https://tuoitre.vn/vu-tong-canh-sat-giao-thong-o-an-giang-tai-xe-su-dung-ruou-ma-tuy-va-khong-co-giay-phep-lai-xe-100260926112415229.htm,2026-10-04,2026-09-26T12:01:00+07:00,public-news-excerpt-for-education
news-100260927182621527,data/drug_news/news-100260927182621527.md,"Biên phòng phát hiện bao tải dạt vào bờ biển, nghi chứa 20kg ma túy",https://tuoitre.vn/bien-phong-phat-hien-bao-tai-dat-vao-bo-bien-nghi-chua-20kg-ma-tuy-100260927182621527.htm,2026-10-04,2026-09-27T20:52:00+07:00,public-news-excerpt-for-education
news-100260928003224009,data/drug_news/news-100260928003224009.md,"Cùng công an thực hành bài học phòng chống ma túy, giữ an toàn giao thông",https://tuoitre.vn/cung-cong-an-thuc-hanh-bai-hoc-phong-chong-ma-tuy-giu-an-toan-giao-thong-100260928003224009.htm,2026-10-04,2026-09-28T14:02:00+07:00,public-news-excerpt-for-education
news-100260928111813276,data/drug_news/news-100260928111813276.md,Thượng tướng Lê Quốc Hùng: TP.HCM đạt mục tiêu không ma túy sẽ lan tỏa lớn ở phạm vi cả nước,https://tuoitre.vn/thuong-tuong-le-quoc-hung-tphcm-dat-muc-tieu-khong-ma-tuy-se-lan-toa-lon-o-pham-vi-ca-nuoc-100260928111813276.htm,2026-10-04,2026-09-28T12:38:00+07:00,public-news-excerpt-for-education
news-100260928173914514,data/drug_news/news-100260928173914514.md,"Mua bán hơn 36kg ma túy, hai bị cáo lãnh án tử hình",https://tuoitre.vn/mua-ban-hon-36-kg-ma-tuy-hai-bi-cao-lanh-an-tu-hinh-100260928173914514.htm,2026-10-04,2026-09-28T17:54:00+07:00,public-news-excerpt-for-education
news-100260929130300513,data/drug_news/news-100260929130300513.md,"Giúp người khác mang hành lý, không biết bên trong chứa ma túy có bị xử lý hình sự?",https://tuoitre.vn/giup-nguoi-khac-mang-hanh-ly-khong-biet-ben-trong-chua-ma-tuy-co-bi-xu-ly-hinh-su-100260929130300513.htm,2026-10-04,2026-09-29T13:39:00+07:00,public-news-excerpt-for-education
news-100260930085028036,data/drug_news/news-100260930085028036.md,Bệnh nhân ‘tâm thần’ kể cuộc chơi ma túy trên bãi biển cùng điều dưỡng Viện Pháp y tâm thần,https://tuoitre.vn/benh-nhan-tam-than-ke-cuoc-choi-ma-tuy-tren-bai-bien-cung-dieu-duong-vien-phap-y-tam-than-100260930085028036.htm,2026-10-04,2026-09-30T09:35:00+07:00,public-news-excerpt-for-education
news-100261002184934505,data/drug_news/news-100261002184934505.md,"Bộ đội Biên phòng quyết liệt phối hợp xây dựng xã, phường, đặc khu 'không ma túy'",https://tuoitre.vn/bo-doi-bien-phong-quyet-liet-phoi-hop-xay-dung-xa-phuong-dac-khu-khong-ma-tuy-100261002184934505.htm,2026-10-04,2026-10-02T19:23:00+07:00,public-news-excerpt-for-education
