start,chunk_id,error
0,7ca725290aab95bd56a7::c0000,Rejected invalid evidence/confidence/date
24,5de01398a4298b732892::c0000,Rejected invalid evidence/confidence/date
24,5de01398a4298b732892::c0000,Rejected invalid evidence/confidence/date
24,a35c246dcfe101d64398::c0000,Rejected invalid evidence/confidence/date
48,3a76b31b81939716924c::c0000,Rejected invalid evidence/confidence/date
80,cd86f0582badf5763078::c0000,Rejected invalid evidence/confidence/date
80,cd86f0582badf5763078::c0000,Rejected invalid evidence/confidence/date
80,dcaa0ba4dc9d6a046c47::c0000,Rejected invalid evidence/confidence/date
128,b82e11950b2cb57e71d2::c0000,Rejected invalid evidence/confidence/date
160,5f953290bc1096b776d8::c0000,Rejected invalid evidence/confidence/date
