id,name,type,degree
18a2f0e496fb60f2b80e8775,Google Cloud,Company,3
fc94d4789fde1f6e802475fd,L&T Technology Services,Company,2
51e652cc3cb71d3060de600c,Thales,Company,2
2618ac416fd176fc8751f56d,Data Innovations,Company,2
da83c25f2271b3c0df0cad56,AGC Biologics,Company,2
5d63f575c2fcc0b8f6e2e3c8,Freshworks,Company,2
1b8f7284287734ef1f96795d,Sineng Electric,Company,1
2a53b5e8507255a685aa84d7,Aqara,Company,1
0fccf849f555ed7fc05dba5e,Qualcomm,Company,1
24a29c9a8a01d23c25f3bb61,Associated Press,Company,1
23617744c9045edbb6019893,First Orion Hiya,Company,1
15c47898d5222bee48902df5,K&J Integrated Systems,Company,1
2f253068982c4f102d4617dc,Airbus,Company,1
305f47a325c69a6635b03f52,Apple,Company,1
1ea3c7c6d54227c7f449d699,Pavion,Company,1
